{
  "timestamp": "2025-11-30T19:09:03.423858",
  "questions_file": "/Users/kaustubh/Documents/code/code-smriti/evals/v4_eval_questions.json",
  "evaluations": {
    "rag": {
      "status": "completed",
      "summary": {
        "total_questions": 47,
        "successful": 47,
        "errors": 0,
        "avg_quality_score": 0.7824822695035462,
        "avg_response_time": 20.952268012026522,
        "total_time": 984.7565965652466,
        "good_answers": 47,
        "fair_answers": 0,
        "poor_answers": 0,
        "answers_with_code": 39,
        "by_category": {
          "symbol_specific": 0.8500000000000001,
          "symbol_pattern": 0.9333333333333332,
          "file_pattern": 0.7642857142857143,
          "documentation": 0.7625000000000001,
          "svelte": 0.7781818181818181,
          "code_explanation": 0.8,
          "architecture": 0.7583333333333333,
          "implementation": 0.7000000000000001,
          "discovery": 0.75
        }
      }
    }
  },
  "duration_seconds": 1008.617819
}